{"initial_reset_timestamp": 1698094269.8095717, "timestamps": [1698094270.4256744, 1698094270.454716, 1698094270.4884267, 1698094270.5245848, 1698094270.6084528, 1698094270.6874619, 1698094270.7222812], "episode_lengths": [172, 85, 99, 105, 189, 172, 102], "episode_rewards": [-405.0932586676431, -99.23702951873231, -128.30020714702977, -205.40068677705443, -380.66992955295854, -611.8115695642434, -524.0129892281736], "episode_types": ["t", "t", "t", "t", "t", "t", "t", "t"]}