{"initial_reset_timestamp": 1698094269.785099, "timestamps": [1698094270.4157302, 1698094270.4409459, 1698094270.4784956, 1698094270.512036, 1698094270.5450656, 1698094270.587457, 1698094270.6165798, 1698094270.6898992, 1698094270.7235687], "episode_lengths": [150, 74, 103, 100, 93, 110, 87, 167, 99], "episode_rewards": [-371.9166123870442, -138.64431967709265, -362.2969512534854, -419.24118593112195, -299.71610228675127, -141.2634523778313, 135.00238549545492, -468.7425460028651, -361.767696492098], "episode_types": ["t", "t", "t", "t", "t", "t", "t", "t", "t", "t"]}