{"initial_reset_timestamp": 1698111364.4528553, "timestamps": [1698111365.3481672, 1698111365.4501655, 1698111365.5387871, 1698111365.6002574, 1698111365.667735, 1698111365.7894325, 1698111365.8508961, 1698111365.9148831], "episode_lengths": [112, 119, 126, 92, 95, 162, 90, 91], "episode_rewards": [-509.4088305105548, -200.05886000868261, -350.9930291111292, -223.28187640152657, -456.2223522909654, -553.3867733217578, -385.259417451026, -503.9399751737905], "episode_types": ["t", "t", "t", "t", "t", "t", "t", "t", "t"]}