{"initial_reset_timestamp": 1698094269.784978, "timestamps": [1698094270.4120636, 1698094270.4460182, 1698094270.4801402, 1698094270.5109174, 1698094270.5458133, 1698094270.665646, 1698094270.699776], "episode_lengths": [150, 88, 98, 88, 101, 228, 98], "episode_rewards": [-224.97173818471336, -339.6811495327019, -388.90977467990825, -401.36506069167206, -83.97539791683805, -339.19856415156244, -195.7891672942123], "episode_types": ["t", "t", "t", "t", "t", "t", "t", "t"]}